institution,date,file_path,gross_loans,credit_impairments,npl_ratio
ABSA BANK LTD,2022-01-01,test_data/BA900_2022-01-01_zipcsv/34118.csv,36866573.0,31941837.0,86.64173097944308
AFRICAN BANK LIMITED (N),2022-01-01,test_data/BA900_2022-01-01_zipcsv/160571.csv,3781224.0,10205358.0,269.89562110046904
BANK OF CHINA LTD JHB BRANCH (T/A BANK OF CHINA JHB BRANC,2022-01-01,test_data/BA900_2022-01-01_zipcsv/337889.csv,6555376.0,359716.0,5.487343517747876
BNP PARIBAS SOUTH AFRICA BRANCH,2022-01-01,test_data/BA900_2022-01-01_zipcsv/478636.csv,17.0,19661.0,115652.94117647059
CAPITEC BANK,2022-01-01,test_data/BA900_2022-01-01_zipcsv/333107.csv,6822732.0,18131045.0,265.74464598638787
CITIBANK N.A,2022-01-01,test_data/BA900_2022-01-01_zipcsv/165565.csv,727631.58,23868.61,3.2803152936270306
DISCOVERY BANK LIMITED,2022-01-01,test_data/BA900_2022-01-01_zipcsv/165271.csv,4100612.0,514672.0,12.551102128170136
FIRSTRAND BANK LIMITED,2022-01-01,test_data/BA900_2022-01-01_zipcsv/416053.csv,46929681.4869,35830982.1476,76.35036295228618
GBS MUTUAL BANK,2022-01-01,test_data/BA900_2022-01-01_zipcsv/418072.csv,77.0,9228.0,11984.415584415585
HSBC BANK PLC - JOHANNESBURG BRANCH,2022-01-01,test_data/BA900_2022-01-01_zipcsv/535761.csv,275730.0,189890.0,68.86809560076887
INVESTEC BANK LTD,2022-01-01,test_data/BA900_2022-01-01_zipcsv/25054.csv,2397857.0,2534394.0,105.69412604671588
JPMORGAN CHASE BANK (JOHANNESBURG BRANCH),2022-01-01,test_data/BA900_2022-01-01_zipcsv/331899.csv,14.0,25525.0,182321.42857142858
NEDBANK LTD,2022-01-01,test_data/BA900_2022-01-01_zipcsv/416088.csv,18094775.0,23539245.0,130.08863055771624
STANDARD CHARTERED BANK,2022-01-01,test_data/BA900_2022-01-01_zipcsv/535788.csv,35701.0,1028899.0,2881.9893000196075
THE STANDARD BANK OF S A LTD,2022-01-01,test_data/BA900_2022-01-01_zipcsv/416061.csv,43241585.0,40750177.0,94.23839806057063
ABSA BANK LTD,2022-02-01,test_data/BA900_2022-02-01_zipcsv/34118.csv,37299353.0,32384280.0,86.82263201723633
AFRICAN BANK LIMITED (N),2022-02-01,test_data/BA900_2022-02-01_zipcsv/160571.csv,3820000.0,10124208.0,265.0316230366492
BANK OF CHINA LTD JHB BRANCH (T/A BANK OF CHINA JHB BRANC,2022-02-01,test_data/BA900_2022-02-01_zipcsv/337889.csv,6535381.0,360762.0,5.520137234539195
BNP PARIBAS SOUTH AFRICA BRANCH,2022-02-01,test_data/BA900_2022-02-01_zipcsv/478636.csv,18.0,19655.0,109194.44444444444
CAPITEC BANK,2022-02-01,test_data/BA900_2022-02-01_zipcsv/333107.csv,6713872.0,17472371.0,260.24283751611586
CITIBANK N.A,2022-02-01,test_data/BA900_2022-02-01_zipcsv/165565.csv,108901.32,24453.97,22.45516399617562
DISCOVERY BANK LIMITED,2022-02-01,test_data/BA900_2022-02-01_zipcsv/165271.csv,4134968.0,527457.0,12.756011654745574
FIRSTRAND BANK LIMITED,2022-02-01,test_data/BA900_2022-02-01_zipcsv/416053.csv,46910513.938599996,35550793.6973,75.78427672702873
GBS MUTUAL BANK,2022-02-01,test_data/BA900_2022-02-01_zipcsv/418072.csv,993.0,10981.0,1105.840886203424
HSBC BANK PLC - JOHANNESBURG BRANCH,2022-02-01,test_data/BA900_2022-02-01_zipcsv/535761.csv,287417.0,194267.0,67.59064355970594
INVESTEC BANK LTD,2022-02-01,test_data/BA900_2022-02-01_zipcsv/25054.csv,2443795.0,2616450.0,107.06503614255696
JPMORGAN CHASE BANK (JOHANNESBURG BRANCH),2022-02-01,test_data/BA900_2022-02-01_zipcsv/331899.csv,18.0,25525.0,141805.55555555556
NEDBANK LTD,2022-02-01,test_data/BA900_2022-02-01_zipcsv/416088.csv,18343568.0,23816355.0,129.83490998043564
STANDARD CHARTERED BANK,2022-02-01,test_data/BA900_2022-02-01_zipcsv/535788.csv,34763.0,1035352.0,2978.3160256594656
THE STANDARD BANK OF S A LTD,2022-02-01,test_data/BA900_2022-02-01_zipcsv/416061.csv,42629114.0,41265662.0,96.80159432823304
ABSA BANK LTD,2022-03-01,test_data/BA900_2022-03-01_zipcsv/34118.csv,37417131.0,32641688.0,87.2372817680757
AFRICAN BANK LIMITED (N),2022-03-01,test_data/BA900_2022-03-01_zipcsv/160571.csv,3917045.0,10117409.0,258.2918756358428
BANK OF CHINA LTD JHB BRANCH (T/A BANK OF CHINA JHB BRANC,2022-03-01,test_data/BA900_2022-03-01_zipcsv/337889.csv,6051793.0,546116.0,9.024036347575008
BNP PARIBAS SOUTH AFRICA BRANCH,2022-03-01,test_data/BA900_2022-03-01_zipcsv/478636.csv,18.0,24126.0,134033.3333333333
CAPITEC BANK,2022-03-01,test_data/BA900_2022-03-01_zipcsv/333107.csv,6771995.0,17699938.0,261.3696259374084
CITIBANK N.A,2022-03-01,test_data/BA900_2022-03-01_zipcsv/165565.csv,4659313.18,23611.9,0.506767823664517
DISCOVERY BANK LIMITED,2022-03-01,test_data/BA900_2022-03-01_zipcsv/165271.csv,4166330.0,535303.0,12.84831014345959
FIRSTRAND BANK LIMITED,2022-03-01,test_data/BA900_2022-03-01_zipcsv/416053.csv,47204635.2846,35383898.967,74.95852632621359
GBS MUTUAL BANK,2022-03-01,test_data/BA900_2022-03-01_zipcsv/418072.csv,1003.0,9995.0,996.5104685942174
HSBC BANK PLC - JOHANNESBURG BRANCH,2022-03-01,test_data/BA900_2022-03-01_zipcsv/535761.csv,281120.0,191923.0,68.27084519066591
INVESTEC BANK LTD,2022-03-01,test_data/BA900_2022-03-01_zipcsv/25054.csv,2273246.0,2722134.0,119.74656504399437
JPMORGAN CHASE BANK (JOHANNESBURG BRANCH),2022-03-01,test_data/BA900_2022-03-01_zipcsv/331899.csv,22.0,14631.0,66504.54545454546
NEDBANK LTD,2022-03-01,test_data/BA900_2022-03-01_zipcsv/416088.csv,18219912.0,23827715.0,130.7784307630026
STANDARD CHARTERED BANK,2022-03-01,test_data/BA900_2022-03-01_zipcsv/535788.csv,14962.0,1038052.0,6937.922737601924
THE STANDARD BANK OF S A LTD,2022-03-01,test_data/BA900_2022-03-01_zipcsv/416061.csv,43571578.0,41603700.0,95.48357417764397
ABSA BANK LTD,2022-04-01,test_data/BA900_2022-04-01_zipcsv/34118.csv,37901667.0,32843728.0,86.65510147614351
AFRICAN BANK LIMITED (N),2022-04-01,test_data/BA900_2022-04-01_zipcsv/160571.csv,4018235.0,10361722.0,257.8674965501022
BANK OF CHINA LTD JHB BRANCH (T/A BANK OF CHINA JHB BRANC,2022-04-01,test_data/BA900_2022-04-01_zipcsv/337889.csv,6542183.0,483466.0,7.389979766692554
BNP PARIBAS SOUTH AFRICA BRANCH,2022-04-01,test_data/BA900_2022-04-01_zipcsv/478636.csv,19.0,24188.0,127305.26315789473
CAPITEC BANK,2022-04-01,test_data/BA900_2022-04-01_zipcsv/333107.csv,6814005.0,18197684.0,267.062968107596
CITIBANK N.A,2022-04-01,test_data/BA900_2022-04-01_zipcsv/165565.csv,398307.09,22755.3,5.713004004021118
DISCOVERY BANK LIMITED,2022-04-01,test_data/BA900_2022-04-01_zipcsv/165271.csv,4203452.0,486783.0,11.580553316654978
FIRSTRAND BANK LIMITED,2022-04-01,test_data/BA900_2022-04-01_zipcsv/416053.csv,47879818.9464,34969349.1303,73.0356753634493
HSBC BANK PLC - JOHANNESBURG BRANCH,2022-04-01,test_data/BA900_2022-04-01_zipcsv/535761.csv,285030.0,189587.0,66.51475283303512
INVESTEC BANK LTD,2022-04-01,test_data/BA900_2022-04-01_zipcsv/25054.csv,2296346.0,2708262.0,117.93788915085095
JPMORGAN CHASE BANK (JOHANNESBURG BRANCH),2022-04-01,test_data/BA900_2022-04-01_zipcsv/331899.csv,21.0,14631.0,69671.42857142857
NEDBANK LTD,2022-04-01,test_data/BA900_2022-04-01_zipcsv/416088.csv,18206949.0,23950687.0,131.54695495659377
STANDARD CHARTERED BANK,2022-04-01,test_data/BA900_2022-04-01_zipcsv/535788.csv,119005.0,1058257.0,889.2542330154195
THE STANDARD BANK OF S A LTD,2022-04-01,test_data/BA900_2022-04-01_zipcsv/416061.csv,43767958.0,42267893.0,96.57268680435126
ABSA BANK LTD,2022-05-01,test_data/BA900_2022-05-01_zipcsv/34118.csv,38034233.0,33312106.0,87.58453470062089
AFRICAN BANK LIMITED (N),2022-05-01,test_data/BA900_2022-05-01_zipcsv/160571.csv,4128750.0,10690163.0,258.9200847714199
BANK OF CHINA LTD JHB BRANCH (T/A BANK OF CHINA JHB BRANC,2022-05-01,test_data/BA900_2022-05-01_zipcsv/337889.csv,6460199.0,476252.0,7.372094884383593
BNP PARIBAS SOUTH AFRICA BRANCH,2022-05-01,test_data/BA900_2022-05-01_zipcsv/478636.csv,19.0,24173.0,127226.3157894737
CAPITEC BANK,2022-05-01,test_data/BA900_2022-05-01_zipcsv/333107.csv,6947009.0,18467172.0,265.82910717403706
CITIBANK N.A,2022-05-01,test_data/BA900_2022-05-01_zipcsv/165565.csv,1860952.05,29323.42,1.5757214163578261
DISCOVERY BANK LIMITED,2022-05-01,test_data/BA900_2022-05-01_zipcsv/165271.csv,4204850.0,445742.0,10.600663519507236
FIRSTRAND BANK LIMITED,2022-05-01,test_data/BA900_2022-05-01_zipcsv/416053.csv,51128660.8027,34789217.4023,68.04249682296168
HSBC BANK PLC - JOHANNESBURG BRANCH,2022-05-01,test_data/BA900_2022-05-01_zipcsv/535761.csv,276325.0,211315.0,76.47335565004975
INVESTEC BANK LTD,2022-05-01,test_data/BA900_2022-05-01_zipcsv/25054.csv,2365725.0,2706563.0,114.40733813101691
JPMORGAN CHASE BANK (JOHANNESBURG BRANCH),2022-05-01,test_data/BA900_2022-05-01_zipcsv/331899.csv,25.0,14631.0,58524.0
NEDBANK LTD,2022-05-01,test_data/BA900_2022-05-01_zipcsv/416088.csv,18345051.0,24223281.0,132.04259284970098
STANDARD CHARTERED BANK,2022-05-01,test_data/BA900_2022-05-01_zipcsv/535788.csv,46476.0,1022535.0,2200.135553834237
THE STANDARD BANK OF S A LTD,2022-05-01,test_data/BA900_2022-05-01_zipcsv/416061.csv,45122499.0,42138185.0,93.38619521050906
ABSA BANK LTD,2022-06-01,test_data/BA900_2022-06-01_zipcsv/34118.csv,38126787.0,32623014.0,85.56455071863255
AFRICAN BANK LIMITED (N),2022-06-01,test_data/BA900_2022-06-01_zipcsv/160571.csv,4250497.0,10920393.0,256.92037895803713
BANK OF CHINA LTD JHB BRANCH (T/A BANK OF CHINA JHB BRANC,2022-06-01,test_data/BA900_2022-06-01_zipcsv/337889.csv,6258192.0,493177.0,7.8805028672817965
BNP PARIBAS SOUTH AFRICA BRANCH,2022-06-01,test_data/BA900_2022-06-01_zipcsv/478636.csv,20.0,28173.0,140865.0
CAPITEC BANK,2022-06-01,test_data/BA900_2022-06-01_zipcsv/333107.csv,7029954.0,18683756.0,265.77351715245936
CITIBANK N.A,2022-06-01,test_data/BA900_2022-06-01_zipcsv/165565.csv,19225.68,24010.59,124.88811839165118
DISCOVERY BANK LIMITED,2022-06-01,test_data/BA900_2022-06-01_zipcsv/165271.csv,4219495.0,403194.0,9.555503679942742
FIRSTRAND BANK LIMITED,2022-06-01,test_data/BA900_2022-06-01_zipcsv/416053.csv,55430588.492300004,34246149.2619,61.78204163691535
GBS MUTUAL BANK,2022-06-01,test_data/BA900_2022-06-01_zipcsv/418072.csv,4.0,9948.0,248700.0
HSBC BANK PLC - JOHANNESBURG BRANCH,2022-06-01,test_data/BA900_2022-06-01_zipcsv/535761.csv,520085.0,221650.0,42.61803359066306
INVESTEC BANK LTD,2022-06-01,test_data/BA900_2022-06-01_zipcsv/25054.csv,2316477.0,3056697.0,131.95455858184647
JPMORGAN CHASE BANK (JOHANNESBURG BRANCH),2022-06-01,test_data/BA900_2022-06-01_zipcsv/331899.csv,25.0,56829.0,227316.0
NEDBANK LTD,2022-06-01,test_data/BA900_2022-06-01_zipcsv/416088.csv,18382709.0,24396528.0,132.71454169241323
STANDARD CHARTERED BANK,2022-06-01,test_data/BA900_2022-06-01_zipcsv/535788.csv,19043.0,977213.0,5131.612666071522
THE STANDARD BANK OF S A LTD,2022-06-01,test_data/BA900_2022-06-01_zipcsv/416061.csv,44084838.0,42321951.0,96.00114896645418
ABSA BANK LTD,2022-07-01,test_data/BA900_2022-07-01_zipcsv/34118.csv,38920802.0,32667945.0,83.93440864861932
AFRICAN BANK LIMITED (N),2022-07-01,test_data/BA900_2022-07-01_zipcsv/160571.csv,4396784.0,10729410.0,244.02858998759092
BANK OF CHINA LTD JHB BRANCH (T/A BANK OF CHINA JHB BRANC,2022-07-01,test_data/BA900_2022-07-01_zipcsv/337889.csv,6070852.0,466821.0,7.689546706129552
BNP PARIBAS SOUTH AFRICA BRANCH,2022-07-01,test_data/BA900_2022-07-01_zipcsv/478636.csv,20.0,28201.0,141005.0
CAPITEC BANK,2022-07-01,test_data/BA900_2022-07-01_zipcsv/333107.csv,7154974.0,18743089.0,261.95886945221605
CITIBANK N.A,2022-07-01,test_data/BA900_2022-07-01_zipcsv/165565.csv,582006.95,40546.78,6.966717493665668
DISCOVERY BANK LIMITED,2022-07-01,test_data/BA900_2022-07-01_zipcsv/165271.csv,4342482.0,408901.0,9.416296947229718
FIRSTRAND BANK LIMITED,2022-07-01,test_data/BA900_2022-07-01_zipcsv/416053.csv,57671253.4602,33963250.9377,58.89112668781974
GBS MUTUAL BANK,2022-07-01,test_data/BA900_2022-07-01_zipcsv/418072.csv,7.0,9928.0,141828.57142857142
HSBC BANK PLC - JOHANNESBURG BRANCH,2022-07-01,test_data/BA900_2022-07-01_zipcsv/535761.csv,1298551.0,214834.0,16.54413265247187
INVESTEC BANK LTD,2022-07-01,test_data/BA900_2022-07-01_zipcsv/25054.csv,2318627.0,3074019.0,132.57928075537808
JPMORGAN CHASE BANK (JOHANNESBURG BRANCH),2022-07-01,test_data/BA900_2022-07-01_zipcsv/331899.csv,19.0,56829.0,299100.0
NEDBANK LTD,2022-07-01,test_data/BA900_2022-07-01_zipcsv/416088.csv,17362924.0,24467843.0,140.92006046907767
STANDARD CHARTERED BANK,2022-07-01,test_data/BA900_2022-07-01_zipcsv/535788.csv,599198.0,979042.0,163.39206739675367
THE STANDARD BANK OF S A LTD,2022-07-01,test_data/BA900_2022-07-01_zipcsv/416061.csv,44405191.0,42459339.0,95.61796277376669
ABSA BANK LTD,2022-08-01,test_data/BA900_2022-08-01_zipcsv/34118.csv,39225493.0,32982411.0,84.08412100773342
AFRICAN BANK LIMITED (N),2022-08-01,test_data/BA900_2022-08-01_zipcsv/160571.csv,4543403.0,10724766.0,236.0513914350103
BANK OF CHINA LTD JHB BRANCH (T/A BANK OF CHINA JHB BRANC,2022-08-01,test_data/BA900_2022-08-01_zipcsv/337889.csv,6246389.0,447152.0,7.158567934209668
BNP PARIBAS SOUTH AFRICA BRANCH,2022-08-01,test_data/BA900_2022-08-01_zipcsv/478636.csv,21.0,28254.0,134542.85714285713
CAPITEC BANK,2022-08-01,test_data/BA900_2022-08-01_zipcsv/333107.csv,7241602.0,18953643.0,261.73273538092815
CITIBANK N.A,2022-08-01,test_data/BA900_2022-08-01_zipcsv/165565.csv,10470.02,45467.83,434.2668877423348
DISCOVERY BANK LIMITED,2022-08-01,test_data/BA900_2022-08-01_zipcsv/165271.csv,4342501.0,410773.0,9.4593645459149
FIRSTRAND BANK LIMITED,2022-08-01,test_data/BA900_2022-08-01_zipcsv/416053.csv,60551218.252299994,33660963.959,55.590894668285905
GBS MUTUAL BANK,2022-08-01,test_data/BA900_2022-08-01_zipcsv/418072.csv,7.0,10414.0,148771.42857142858
HSBC BANK PLC - JOHANNESBURG BRANCH,2022-08-01,test_data/BA900_2022-08-01_zipcsv/535761.csv,261299.0,183711.0,70.30681326755939
INVESTEC BANK LTD,2022-08-01,test_data/BA900_2022-08-01_zipcsv/25054.csv,2350226.0,3005465.0,127.8798294291698
JPMORGAN CHASE BANK (JOHANNESBURG BRANCH),2022-08-01,test_data/BA900_2022-08-01_zipcsv/331899.csv,20.0,56829.0,284145.0
NEDBANK LTD,2022-08-01,test_data/BA900_2022-08-01_zipcsv/416088.csv,17846906.0,24669303.0,138.22733755643694
STANDARD CHARTERED BANK,2022-08-01,test_data/BA900_2022-08-01_zipcsv/535788.csv,8950.0,981890.0,10970.837988826815
THE STANDARD BANK OF S A LTD,2022-08-01,test_data/BA900_2022-08-01_zipcsv/416061.csv,44214151.0,43184068.0,97.67024136684203
ABSA BANK LTD,2022-09-01,test_data/BA900_2022-09-01_zipcsv/34118.csv,39635495.0,33501328.0,84.52355142783003
AFRICAN BANK LIMITED (N),2022-09-01,test_data/BA900_2022-09-01_zipcsv/160571.csv,4706423.0,10639857.0,226.0709885193065
BANK OF CHINA LTD JHB BRANCH (T/A BANK OF CHINA JHB BRANC,2022-09-01,test_data/BA900_2022-09-01_zipcsv/337889.csv,6580916.0,490302.0,7.450361013573187
BNP PARIBAS SOUTH AFRICA BRANCH,2022-09-01,test_data/BA900_2022-09-01_zipcsv/478636.csv,21.0,26003.0,123823.80952380951
CAPITEC BANK,2022-09-01,test_data/BA900_2022-09-01_zipcsv/333107.csv,7312983.0,19299768.0,263.91101962085787
CITIBANK N.A,2022-09-01,test_data/BA900_2022-09-01_zipcsv/165565.csv,1198327.84,39996.44,3.337687623113221
DISCOVERY BANK LIMITED,2022-09-01,test_data/BA900_2022-09-01_zipcsv/165271.csv,4422174.0,413152.0,9.342735043894699
FIRSTRAND BANK LIMITED,2022-09-01,test_data/BA900_2022-09-01_zipcsv/416053.csv,59171534.6808,33686066.8061,56.92951346930414
GBS MUTUAL BANK,2022-09-01,test_data/BA900_2022-09-01_zipcsv/418072.csv,7.0,10096.0,144228.57142857142
HSBC BANK PLC - JOHANNESBURG BRANCH,2022-09-01,test_data/BA900_2022-09-01_zipcsv/535761.csv,221814.0,222281.0,100.2105367560208
INVESTEC BANK LTD,2022-09-01,test_data/BA900_2022-09-01_zipcsv/25054.csv,2358906.0,2929855.0,124.20397421516584
JPMORGAN CHASE BANK (JOHANNESBURG BRANCH),2022-09-01,test_data/BA900_2022-09-01_zipcsv/331899.csv,22.0,70248.0,319309.0909090909
NEDBANK LTD,2022-09-01,test_data/BA900_2022-09-01_zipcsv/416088.csv,17708072.0,24995579.0,141.15358803600978
STANDARD CHARTERED BANK,2022-09-01,test_data/BA900_2022-09-01_zipcsv/535788.csv,19224.0,995334.0,5177.559300873908
THE STANDARD BANK OF S A LTD,2022-09-01,test_data/BA900_2022-09-01_zipcsv/416061.csv,46415524.0,43963216.0,94.7166211028879
ABSA BANK LTD,2022-10-01,test_data/BA900_2022-10-01_zipcsv/34118.csv,40024058.0,33968965.0,84.87136661654847
AFRICAN BANK LIMITED (N),2022-10-01,test_data/BA900_2022-10-01_zipcsv/160571.csv,4946205.0,10912654.0,220.62680378188935
BANK OF CHINA LTD JHB BRANCH (T/A BANK OF CHINA JHB BRANC,2022-10-01,test_data/BA900_2022-10-01_zipcsv/337889.csv,6721234.0,499356.0,7.42952856573659
BNP PARIBAS SOUTH AFRICA BRANCH,2022-10-01,test_data/BA900_2022-10-01_zipcsv/478636.csv,22.0,26088.0,118581.81818181818
CAPITEC BANK,2022-10-01,test_data/BA900_2022-10-01_zipcsv/333107.csv,7462963.0,19693182.0,263.87886419911234
CITIBANK N.A,2022-10-01,test_data/BA900_2022-10-01_zipcsv/165565.csv,373874.77,83638.29,22.370669729867032
DISCOVERY BANK LIMITED,2022-10-01,test_data/BA900_2022-10-01_zipcsv/165271.csv,4535411.0,423089.0,9.32857022219155
FIRSTRAND BANK LIMITED,2022-10-01,test_data/BA900_2022-10-01_zipcsv/416053.csv,53022895.1435,33994731.6414,64.11330718437273
GBS MUTUAL BANK,2022-10-01,test_data/BA900_2022-10-01_zipcsv/418072.csv,8.0,9512.0,118900.0
HSBC BANK PLC - JOHANNESBURG BRANCH,2022-10-01,test_data/BA900_2022-10-01_zipcsv/535761.csv,649499.0,221161.0,34.05101470518046
INVESTEC BANK LTD,2022-10-01,test_data/BA900_2022-10-01_zipcsv/25054.csv,2497636.0,3042038.0,121.79669095096324
JPMORGAN CHASE BANK (JOHANNESBURG BRANCH),2022-10-01,test_data/BA900_2022-10-01_zipcsv/331899.csv,8.0,70248.0,878100.0
NEDBANK LTD,2022-10-01,test_data/BA900_2022-10-01_zipcsv/416088.csv,17804468.0,25358433.0,142.42735587494107
STANDARD CHARTERED BANK,2022-10-01,test_data/BA900_2022-10-01_zipcsv/535788.csv,232877.0,1005792.0,431.8983841255255
THE STANDARD BANK OF S A LTD,2022-10-01,test_data/BA900_2022-10-01_zipcsv/416061.csv,44668557.0,44729272.0,100.13592335207963
ABSA BANK LTD,2022-11-01,test_data/BA900_2022-11-01_zipcsv/34118.csv,39978259.0,33429844.0,83.62005959289023
AFRICAN BANK LIMITED (N),2022-11-01,test_data/BA900_2022-11-01_zipcsv/160571.csv,5114468.0,11089328.0,216.82270765991692
BANK OF CHINA LTD JHB BRANCH (T/A BANK OF CHINA JHB BRANC,2022-11-01,test_data/BA900_2022-11-01_zipcsv/337889.csv,6215776.0,493233.0,7.935179774818141
BNP PARIBAS SOUTH AFRICA BRANCH,2022-11-01,test_data/BA900_2022-11-01_zipcsv/478636.csv,22.0,25139.0,114268.18181818182
CAPITEC BANK,2022-11-01,test_data/BA900_2022-11-01_zipcsv/333107.csv,7545775.0,19305716.0,255.84802091236486
CITIBANK N.A,2022-11-01,test_data/BA900_2022-11-01_zipcsv/165565.csv,758592.02,53857.14,7.099618580221817
DISCOVERY BANK LIMITED,2022-11-01,test_data/BA900_2022-11-01_zipcsv/165271.csv,4687634.0,404019.0,8.618825616505042
FIRSTRAND BANK LIMITED,2022-11-01,test_data/BA900_2022-11-01_zipcsv/416053.csv,58673018.960999995,34266646.8401,58.40273339757252
GBS MUTUAL BANK,2022-11-01,test_data/BA900_2022-11-01_zipcsv/418072.csv,8.0,10609.0,132612.5
HSBC BANK PLC - JOHANNESBURG BRANCH,2022-11-01,test_data/BA900_2022-11-01_zipcsv/535761.csv,17662.0,212462.0,1202.9328501868417
INVESTEC BANK LTD,2022-11-01,test_data/BA900_2022-11-01_zipcsv/25054.csv,2443115.0,2946320.0,120.59686097461642
JPMORGAN CHASE BANK (JOHANNESBURG BRANCH),2022-11-01,test_data/BA900_2022-11-01_zipcsv/331899.csv,5.0,70248.0,1404960.0
NEDBANK LTD,2022-11-01,test_data/BA900_2022-11-01_zipcsv/416088.csv,17979844.0,25292914.0,140.67371218571196
STANDARD CHARTERED BANK,2022-11-01,test_data/BA900_2022-11-01_zipcsv/535788.csv,18491.0,937476.0,5069.9042777567465
THE STANDARD BANK OF S A LTD,2022-11-01,test_data/BA900_2022-11-01_zipcsv/416061.csv,44549102.0,44641958.0,100.20843517788529
ABSA BANK LTD,2022-12-01,test_data/BA900_2022-12-01_zipcsv/34118.csv,40128572.0,33456326.0,83.37282971345205
AFRICAN BANK LIMITED (N),2022-12-01,test_data/BA900_2022-12-01_zipcsv/160571.csv,5280837.0,11479831.0,217.3865809529815
BANK OF CHINA LTD JHB BRANCH (T/A BANK OF CHINA JHB BRANCH),2022-12-01,test_data/BA900_2022-12-01_zipcsv/337889.csv,5142539.0,476550.0,9.266823255983086
BNP PARIBAS SOUTH AFRICA BRANCH,2022-12-01,test_data/BA900_2022-12-01_zipcsv/478636.csv,23.0,37458.0,162860.8695652174
CAPITEC BANK,2022-12-01,test_data/BA900_2022-12-01_zipcsv/333107.csv,7658027.0,19727481.0,257.6052683021358
CITIBANK N.A,2022-12-01,test_data/BA900_2022-12-01_zipcsv/165565.csv,20155.88,126489.6,627.5568221283318
DISCOVERY BANK LIMITED,2022-12-01,test_data/BA900_2022-12-01_zipcsv/165271.csv,4739868.0,405842.0,8.562305954511814
FIRSTRAND BANK LIMITED,2022-12-01,test_data/BA900_2022-12-01_zipcsv/416053.csv,61183606.8675,34196899.4316,55.89225804496495
GBS MUTUAL BANK,2022-12-01,test_data/BA900_2022-12-01_zipcsv/418072.csv,8.0,9878.0,123475.0
HSBC BANK PLC - JOHANNESBURG BRANCH,2022-12-01,test_data/BA900_2022-12-01_zipcsv/535761.csv,12659.0,107401.0,848.4161466150565
INVESTEC BANK LTD,2022-12-01,test_data/BA900_2022-12-01_zipcsv/25054.csv,2463748.0,2965085.0,120.34855025757506
JPMORGAN CHASE BANK (JOHANNESBURG BRANCH),2022-12-01,test_data/BA900_2022-12-01_zipcsv/331899.csv,5.0,23002.0,460039.99999999994
NEDBANK LTD,2022-12-01,test_data/BA900_2022-12-01_zipcsv/416088.csv,17714972.0,25563250.0,144.30307877427072
STANDARD CHARTERED BANK,2022-12-01,test_data/BA900_2022-12-01_zipcsv/535788.csv,64210.0,913523.0,1422.7114156673415
THE STANDARD BANK OF S A LTD,2022-12-01,test_data/BA900_2022-12-01_zipcsv/416061.csv,46329184.0,43768505.0,94.47285969897506
ABSA BANK LTD,2023-01-01,test_data/BA900_2023-01-01_zipcsv/34118.csv,40650037.0,34757475.0,85.50416571576552
AFRICAN BANK LIMITED (N),2023-01-01,test_data/BA900_2023-01-01_zipcsv/160571.csv,5450521.0,11662125.0,213.96349082959225
BANK OF CHINA LTD JHB BRANCH (T/A BANK OF CHINA JHB BRANCH),2023-01-01,test_data/BA900_2023-01-01_zipcsv/337889.csv,1973243.0,509560.0,25.82347941941261
BNP PARIBAS SOUTH AFRICA BRANCH,2023-01-01,test_data/BA900_2023-01-01_zipcsv/478636.csv,23.0,28353.0,123273.91304347826
CAPITEC BANK,2023-01-01,test_data/BA900_2023-01-01_zipcsv/333107.csv,7826705.0,19424363.0,248.18059451582752
CITIBANK N.A,2023-01-01,test_data/BA900_2023-01-01_zipcsv/165565.csv,1731639.18,115047.84,6.643869076697606
DISCOVERY BANK LIMITED,2023-01-01,test_data/BA900_2023-01-01_zipcsv/165271.csv,4850478.0,424281.0,8.747199760518448
FIRSTRAND BANK LIMITED,2023-01-01,test_data/BA900_2023-01-01_zipcsv/416053.csv,62854710.494,34378270.8364,54.69482011166321
GBS MUTUAL BANK,2023-01-01,test_data/BA900_2023-01-01_zipcsv/418072.csv,8.0,10005.0,125062.5
HSBC BANK PLC - JOHANNESBURG BRANCH,2023-01-01,test_data/BA900_2023-01-01_zipcsv/535761.csv,584394.0,112708.0,19.28630341858404
INVESTEC BANK LTD,2023-01-01,test_data/BA900_2023-01-01_zipcsv/25054.csv,2571295.0,3031067.0,117.88095103829004
JPMORGAN CHASE BANK (JOHANNESBURG BRANCH),2023-01-01,test_data/BA900_2023-01-01_zipcsv/331899.csv,4.0,10804.0,270100.0
NEDBANK LTD,2023-01-01,test_data/BA900_2023-01-01_zipcsv/416088.csv,18209082.0,25997741.0,142.77348523116103
STANDARD CHARTERED BANK,2023-01-01,test_data/BA900_2023-01-01_zipcsv/535788.csv,20589.0,902609.0,4383.938025159066
THE STANDARD BANK OF S A LTD,2023-01-01,test_data/BA900_2023-01-01_zipcsv/416061.csv,43873709.0,45022272.0,102.61788443735176
ABSA BANK LTD,2023-02-01,test_data/BA900_2023-02-01_zipcsv/34118.csv,41044243.0,35323976.0,86.06316846920528
AFRICAN BANK LIMITED (N),2023-02-01,test_data/BA900_2023-02-01_zipcsv/160571.csv,5595739.0,11863587.0,212.0110855777941
BANK OF CHINA LTD JHB BRANCH (T/A BANK OF CHINA JHB BRANCH),2023-02-01,test_data/BA900_2023-02-01_zipcsv/337889.csv,2093880.0,510615.0,24.386067969511146
BNP PARIBAS SOUTH AFRICA BRANCH,2023-02-01,test_data/BA900_2023-02-01_zipcsv/478636.csv,23.0,29156.0,126765.21739130435
CAPITEC BANK,2023-02-01,test_data/BA900_2023-02-01_zipcsv/333107.csv,7776000.0,19527006.0,251.11890432098764
CITIBANK N.A,2023-02-01,test_data/BA900_2023-02-01_zipcsv/165565.csv,185008.77,112116.64,60.60071638766098
DISCOVERY BANK LIMITED,2023-02-01,test_data/BA900_2023-02-01_zipcsv/165271.csv,4901213.0,431158.0,8.796965159441141
FIRSTRAND BANK LIMITED,2023-02-01,test_data/BA900_2023-02-01_zipcsv/416053.csv,56488294.369,34601399.4002,61.25410545089635
GBS MUTUAL BANK,2023-02-01,test_data/BA900_2023-02-01_zipcsv/418072.csv,8.0,9945.0,124312.5
HSBC BANK PLC - JOHANNESBURG BRANCH,2023-02-01,test_data/BA900_2023-02-01_zipcsv/535761.csv,11230.0,128786.0,1146.8032056990205
INVESTEC BANK LTD,2023-02-01,test_data/BA900_2023-02-01_zipcsv/25054.csv,2634155.0,3144683.0,119.38109184918883
JPMORGAN CHASE BANK (JOHANNESBURG BRANCH),2023-02-01,test_data/BA900_2023-02-01_zipcsv/331899.csv,4.0,10804.0,270100.0
NEDBANK LTD,2023-02-01,test_data/BA900_2023-02-01_zipcsv/416088.csv,18205494.0,26497751.0,145.5481021278522
STANDARD CHARTERED BANK,2023-02-01,test_data/BA900_2023-02-01_zipcsv/535788.csv,329497.0,877992.0,266.4643380668109
THE STANDARD BANK OF S A LTD,2023-02-01,test_data/BA900_2023-02-01_zipcsv/416061.csv,43381306.0,45898566.0,105.80263766148488
ABSA BANK LTD,2023-03-01,test_data/BA900_2023-03-01_zipcsv/34118.csv,40828293.0,35251561.0,86.3410111218708
AFRICAN BANK LIMITED (N),2023-03-01,test_data/BA900_2023-03-01_zipcsv/160571.csv,5782427.0,12056531.0,208.50295213411255
BANK OF CHINA LTD JHB BRANCH (T/A BANK OF CHINA JHB BRANCH),2023-03-01,test_data/BA900_2023-03-01_zipcsv/337889.csv,2311382.0,461824.0,19.980427294146967
BNP PARIBAS SOUTH AFRICA BRANCH,2023-03-01,test_data/BA900_2023-03-01_zipcsv/478636.csv,23.0,24119.0,104865.21739130435
CAPITEC BANK,2023-03-01,test_data/BA900_2023-03-01_zipcsv/333107.csv,7904134.0,19966190.0,252.6043966359882
CITIBANK N.A,2023-03-01,test_data/BA900_2023-03-01_zipcsv/165565.csv,729898.64,111886.66,15.329068156641585
DISCOVERY BANK LIMITED,2023-03-01,test_data/BA900_2023-03-01_zipcsv/165271.csv,4880833.0,439114.0,8.996701997384463
FIRSTRAND BANK LIMITED,2023-03-01,test_data/BA900_2023-03-01_zipcsv/416053.csv,54330876.704399996,34469833.4794,63.44427988331809
GBS MUTUAL BANK,2023-03-01,test_data/BA900_2023-03-01_zipcsv/418072.csv,8.0,10854.0,135675.0
HSBC BANK PLC - JOHANNESBURG BRANCH,2023-03-01,test_data/BA900_2023-03-01_zipcsv/535761.csv,15679.0,111352.0,710.1983544868933
INVESTEC BANK LTD,2023-03-01,test_data/BA900_2023-03-01_zipcsv/25054.csv,2034026.0,3242490.0,159.41241655711383
JPMORGAN CHASE BANK (JOHANNESBURG BRANCH),2023-03-01,test_data/BA900_2023-03-01_zipcsv/331899.csv,7.0,26168.0,373828.5714285714
NEDBANK LTD,2023-03-01,test_data/BA900_2023-03-01_zipcsv/416088.csv,18114994.0,26677071.0,147.26513848141488
STANDARD CHARTERED BANK,2023-03-01,test_data/BA900_2023-03-01_zipcsv/535788.csv,729523.0,837727.0,114.83215745082747
THE STANDARD BANK OF S A LTD,2023-03-01,test_data/BA900_2023-03-01_zipcsv/416061.csv,42647043.0,46773303.0,109.67537186575866
ABSA BANK LTD,2023-04-01,test_data/BA900_2023-04-01_zipcsv/34118.csv,41274448.0,36020033.0,87.26956929866148
ACCESS BANK (SOUTH AFRICA) LIMITED,2023-04-01,test_data/BA900_2023-04-01_zipcsv/416134.csv,242993.0,60599.0,24.938578477569312
AFRICAN BANK LIMITED (N),2023-04-01,test_data/BA900_2023-04-01_zipcsv/160571.csv,5864941.0,11803260.0,201.25112938050017
BANK OF CHINA LTD JHB BRANCH (T/A BANK OF CHINA JHB BRANCH),2023-04-01,test_data/BA900_2023-04-01_zipcsv/337889.csv,2407937.0,504369.0,20.94610448695294
CAPITEC BANK,2023-04-01,test_data/BA900_2023-04-01_zipcsv/333107.csv,8053512.0,20307968.0,252.1628824790973
CITIBANK N.A,2023-04-01,test_data/BA900_2023-04-01_zipcsv/165565.csv,139518.36,153907.33,110.31331646960301
DISCOVERY BANK LIMITED,2023-04-01,test_data/BA900_2023-04-01_zipcsv/165271.csv,5124931.0,450956.0,8.799259931499567
FIRSTRAND BANK LIMITED,2023-04-01,test_data/BA900_2023-04-01_zipcsv/416053.csv,51483370.0331,34342200.2163,66.70542389556182
GBS MUTUAL BANK,2023-04-01,test_data/BA900_2023-04-01_zipcsv/418072.csv,8.0,11266.0,140825.0
HSBC BANK PLC - JOHANNESBURG BRANCH,2023-04-01,test_data/BA900_2023-04-01_zipcsv/535761.csv,1515049.0,88358.0,5.832022594648754
INVESTEC BANK LTD,2023-04-01,test_data/BA900_2023-04-01_zipcsv/25054.csv,2053595.0,3246730.0,158.0998200716305
JPMORGAN CHASE BANK (JOHANNESBURG BRANCH),2023-04-01,test_data/BA900_2023-04-01_zipcsv/331899.csv,15.0,26168.0,174453.33333333334
NEDBANK LTD,2023-04-01,test_data/BA900_2023-04-01_zipcsv/416088.csv,18186535.0,27484272.0,151.12429058091607
STANDARD CHARTERED BANK,2023-04-01,test_data/BA900_2023-04-01_zipcsv/535788.csv,55461.0,851702.0,1535.6773228034115
THE STANDARD BANK OF S A LTD,2023-04-01,test_data/BA900_2023-04-01_zipcsv/416061.csv,42907429.0,47473864.0,110.64252766111902
ABSA BANK LTD,2023-05-01,test_data/BA900_2023-05-01_zipcsv/34118.csv,40784449.0,36744728.0,90.09494770911334
ACCESS BANK (SOUTH AFRICA) LIMITED,2023-05-01,test_data/BA900_2023-05-01_zipcsv/416134.csv,263521.0,59617.0,22.6232444473116
AFRICAN BANK LIMITED (N),2023-05-01,test_data/BA900_2023-05-01_zipcsv/160571.csv,5767249.0,12212494.0,211.75596892036396
BANK OF CHINA LTD JHB BRANCH (T/A BANK OF CHINA JHB BRANCH),2023-05-01,test_data/BA900_2023-05-01_zipcsv/337889.csv,599650.0,499290.0,83.26357041607605
CAPITEC BANK,2023-05-01,test_data/BA900_2023-05-01_zipcsv/333107.csv,8181872.0,20822242.0,254.49239489446916
CITIBANK N.A,2023-05-01,test_data/BA900_2023-05-01_zipcsv/165565.csv,735758.32,175148.32,23.80514297140398
DISCOVERY BANK LIMITED,2023-05-01,test_data/BA900_2023-05-01_zipcsv/165271.csv,5103435.0,459772.0,9.009069381700757
FIRSTRAND BANK LIMITED,2023-05-01,test_data/BA900_2023-05-01_zipcsv/416053.csv,52997090.3181,34855753.5451,65.76918343231341
GBS MUTUAL BANK,2023-05-01,test_data/BA900_2023-05-01_zipcsv/418072.csv,9.0,11636.0,129288.88888888889
HSBC BANK PLC - JOHANNESBURG BRANCH,2023-05-01,test_data/BA900_2023-05-01_zipcsv/535761.csv,11874.0,102902.0,866.6161360956712
INVESTEC BANK LTD,2023-05-01,test_data/BA900_2023-05-01_zipcsv/25054.csv,2079369.0,3282537.0,157.86216876369707
JPMORGAN CHASE BANK (JOHANNESBURG BRANCH),2023-05-01,test_data/BA900_2023-05-01_zipcsv/331899.csv,25.0,26168.0,104672.0
NEDBANK LTD,2023-05-01,test_data/BA900_2023-05-01_zipcsv/416088.csv,18410824.0,27884137.0,151.45512770096548
STANDARD CHARTERED BANK,2023-05-01,test_data/BA900_2023-05-01_zipcsv/535788.csv,58589.0,856637.0,1462.112341907184
THE STANDARD BANK OF S A LTD,2023-05-01,test_data/BA900_2023-05-01_zipcsv/416061.csv,42520072.0,47984487.0,112.85137757998152
ABSA BANK LTD,2023-06-01,test_data/BA900_2023-06-01_zipcsv/34118.csv,40799165.0,36612418.0,89.73815518038175
ACCESS BANK (SOUTH AFRICA) LIMITED,2023-06-01,test_data/BA900_2023-06-01_zipcsv/416134.csv,521747.0,60749.0,11.643382712310755
AFRICAN BANK LIMITED (N),2023-06-01,test_data/BA900_2023-06-01_zipcsv/160571.csv,5819011.0,12246597.0,210.45839232818088
BANK OF CHINA LTD JHB BRANCH (T/A BANK OF CHINA JHB BRANCH),2023-06-01,test_data/BA900_2023-06-01_zipcsv/337889.csv,681582.0,654320.0,96.00018779838669
CAPITEC BANK,2023-06-01,test_data/BA900_2023-06-01_zipcsv/333107.csv,8311866.0,21086199.0,253.68790834693436
CITIBANK N.A,2023-06-01,test_data/BA900_2023-06-01_zipcsv/165565.csv,359446.5,142942.58,39.76741462220386
DISCOVERY BANK LIMITED,2023-06-01,test_data/BA900_2023-06-01_zipcsv/165271.csv,5125152.0,469080.0,9.152509037780733
FIRSTRAND BANK LIMITED,2023-06-01,test_data/BA900_2023-06-01_zipcsv/416053.csv,52879874.4201,35244975.9293,66.65102047954778
GBS MUTUAL BANK,2023-06-01,test_data/BA900_2023-06-01_zipcsv/418072.csv,9.0,12326.0,136955.55555555556
HSBC BANK PLC - JOHANNESBURG BRANCH,2023-06-01,test_data/BA900_2023-06-01_zipcsv/535761.csv,2059680.0,105803.0,5.136865920919755
INVESTEC BANK LTD,2023-06-01,test_data/BA900_2023-06-01_zipcsv/25054.csv,2045633.0,3260775.0,159.40175974869393
JPMORGAN CHASE BANK (JOHANNESBURG BRANCH),2023-06-01,test_data/BA900_2023-06-01_zipcsv/331899.csv,36.0,25708.0,71411.11111111111
NEDBANK LTD,2023-06-01,test_data/BA900_2023-06-01_zipcsv/416088.csv,18302693.0,28234272.0,154.26293824630068
STANDARD CHARTERED BANK,2023-06-01,test_data/BA900_2023-06-01_zipcsv/535788.csv,277495.0,861023.0,310.2841492639507
THE STANDARD BANK OF S A LTD,2023-06-01,test_data/BA900_2023-06-01_zipcsv/416061.csv,42831145.0,48737969.0,113.79095515658058
ABSA BANK LTD,2023-07-01,test_data/BA900_2023-07-01_zipcsv/34118.csv,41001098.0,37122207.0,90.5395435995397
ACCESS BANK (SOUTH AFRICA) LIMITED,2023-07-01,test_data/BA900_2023-07-01_zipcsv/416134.csv,460269.0,56685.0,12.315624124153485
AFRICAN BANK LIMITED (N),2023-07-01,test_data/BA900_2023-07-01_zipcsv/160571.csv,5980859.0,12147774.0,203.11085748719373
BANK OF CHINA LTD JHB BRANCH (T/A BANK OF CHINA JHB BRANCH),2023-07-01,test_data/BA900_2023-07-01_zipcsv/337889.csv,628126.0,705487.0,112.3161594966615
CAPITEC BANK,2023-07-01,test_data/BA900_2023-07-01_zipcsv/333107.csv,8471638.0,21352290.0,252.04440982959846
CITIBANK N.A,2023-07-01,test_data/BA900_2023-07-01_zipcsv/165565.csv,1554355.5,138561.74,8.914417583364937
DISCOVERY BANK LIMITED,2023-07-01,test_data/BA900_2023-07-01_zipcsv/165271.csv,5174731.0,476029.0,9.19910619508531
FIRSTRAND BANK LIMITED,2023-07-01,test_data/BA900_2023-07-01_zipcsv/416053.csv,57796425.1188,35599413.6698,61.594490656862845
GBS MUTUAL BANK,2023-07-01,test_data/BA900_2023-07-01_zipcsv/418072.csv,9.0,12892.0,143244.44444444444
HSBC BANK PLC - JOHANNESBURG BRANCH,2023-07-01,test_data/BA900_2023-07-01_zipcsv/535761.csv,13366.0,74150.0,554.7658237318569
INVESTEC BANK LTD,2023-07-01,test_data/BA900_2023-07-01_zipcsv/25054.csv,2084854.0,3431113.0,164.57329865784368
JPMORGAN CHASE BANK (JOHANNESBURG BRANCH),2023-07-01,test_data/BA900_2023-07-01_zipcsv/331899.csv,43.0,25708.0,59786.04651162791
NEDBANK LTD,2023-07-01,test_data/BA900_2023-07-01_zipcsv/416088.csv,18470817.0,28367786.0,153.58165261449994
STANDARD CHARTERED BANK,2023-07-01,test_data/BA900_2023-07-01_zipcsv/535788.csv,18490.0,864404.0,4674.981070849108
THE STANDARD BANK OF S A LTD,2023-07-01,test_data/BA900_2023-07-01_zipcsv/416061.csv,42536193.0,49176899.0,115.61189549802917
ABSA BANK LTD,2023-08-01,test_data/BA900_2023-08-01_zipcsv/34118.csv,43429362.0,37604251.0,86.58715962716653
ACCESS BANK (SOUTH AFRICA) LIMITED,2023-08-01,test_data/BA900_2023-08-01_zipcsv/416134.csv,436256.0,59548.0,13.649783613291277
AFRICAN BANK LIMITED (N),2023-08-01,test_data/BA900_2023-08-01_zipcsv/160571.csv,6183686.0,11550481.0,186.78957825478201
BANK OF CHINA LTD JHB BRANCH (T/A BANK OF CHINA JHB BRANCH),2023-08-01,test_data/BA900_2023-08-01_zipcsv/337889.csv,653614.0,702460.0,107.47321813792239
CAPITEC BANK,2023-08-01,test_data/BA900_2023-08-01_zipcsv/333107.csv,8633824.0,21741882.0,251.82215898772085
CITIBANK N.A,2023-08-01,test_data/BA900_2023-08-01_zipcsv/165565.csv,1970350.1500000001,150395.95,7.63295549270773
DISCOVERY BANK LIMITED,2023-08-01,test_data/BA900_2023-08-01_zipcsv/165271.csv,5249133.0,488242.0,9.301383676123276
FIRSTRAND BANK LIMITED,2023-08-01,test_data/BA900_2023-08-01_zipcsv/416053.csv,58106648.2208,35904077.0714,61.78996409320972
GBS MUTUAL BANK,2023-08-01,test_data/BA900_2023-08-01_zipcsv/418072.csv,9.0,12997.0,144411.1111111111
HSBC BANK PLC - JOHANNESBURG BRANCH,2023-08-01,test_data/BA900_2023-08-01_zipcsv/535761.csv,16836.0,100238.0,595.3789498693277
INVESTEC BANK LTD,2023-08-01,test_data/BA900_2023-08-01_zipcsv/25054.csv,2122694.0,3623845.0,170.71914274973219
JPMORGAN CHASE BANK (JOHANNESBURG BRANCH),2023-08-01,test_data/BA900_2023-08-01_zipcsv/331899.csv,35.0,25708.0,73451.42857142858
NEDBANK LTD,2023-08-01,test_data/BA900_2023-08-01_zipcsv/416088.csv,18768358.0,28584636.0,152.30227385901313
STANDARD CHARTERED BANK,2023-08-01,test_data/BA900_2023-08-01_zipcsv/535788.csv,38075.0,881882.0,2316.170715692712
THE STANDARD BANK OF S A LTD,2023-08-01,test_data/BA900_2023-08-01_zipcsv/416061.csv,42853904.0,49622993.0,115.79573473632647
ABSA BANK LTD,2023-09-01,test_data/BA900_2023-09-01_zipcsv/34118.csv,43884854.0,37926384.0,86.42249100338809
ACCESS BANK (SOUTH AFRICA) LIMITED,2023-09-01,test_data/BA900_2023-09-01_zipcsv/416134.csv,437241.0,62074.0,14.196747331563142
AFRICAN BANK LIMITED (N),2023-09-01,test_data/BA900_2023-09-01_zipcsv/160571.csv,6402973.0,11272909.0,176.0574189521024
BANK OF CHINA LTD JHB BRANCH (T/A BANK OF CHINA JHB BRANCH),2023-09-01,test_data/BA900_2023-09-01_zipcsv/337889.csv,836976.0,618475.0,73.89399457093154
CAPITEC BANK,2023-09-01,test_data/BA900_2023-09-01_zipcsv/333107.csv,8793970.0,21850901.0,248.47595568326932
CITIBANK N.A,2023-09-01,test_data/BA900_2023-09-01_zipcsv/165565.csv,1481869.4200000002,85989.27,5.802756223959328
DISCOVERY BANK LIMITED,2023-09-01,test_data/BA900_2023-09-01_zipcsv/165271.csv,5346796.0,495861.0,9.273983896150142
FIRSTRAND BANK LIMITED,2023-09-01,test_data/BA900_2023-09-01_zipcsv/416053.csv,58750443.1556,36057633.1275,61.3742317347321
GBS MUTUAL BANK,2023-09-01,test_data/BA900_2023-09-01_zipcsv/418072.csv,9.0,14236.0,158177.77777777778
HSBC BANK PLC - JOHANNESBURG BRANCH,2023-09-01,test_data/BA900_2023-09-01_zipcsv/535761.csv,5289.0,85927.0,1624.636037058045
INVESTEC BANK LTD,2023-09-01,test_data/BA900_2023-09-01_zipcsv/25054.csv,2099561.0,3550111.0,169.08825225844834
JPMORGAN CHASE BANK (JOHANNESBURG BRANCH),2023-09-01,test_data/BA900_2023-09-01_zipcsv/331899.csv,43.0,22577.0,52504.651162790695
NEDBANK LTD,2023-09-01,test_data/BA900_2023-09-01_zipcsv/416088.csv,18944847.0,27443806.0,144.86158690012118
STANDARD CHARTERED BANK,2023-09-01,test_data/BA900_2023-09-01_zipcsv/535788.csv,113376.0,918684.0,810.2984758679086
THE STANDARD BANK OF S A LTD,2023-09-01,test_data/BA900_2023-09-01_zipcsv/416061.csv,45409252.0,50274513.0,110.71425047917546
ABSA BANK LTD,2023-10-01,test_data/BA900_2023-10-01_zipcsv/34118.csv,42906309.0,38430595.0,89.5686343003776
ACCESS BANK (SOUTH AFRICA) LIMITED,2023-10-01,test_data/BA900_2023-10-01_zipcsv/416134.csv,436033.0,59407.0,13.624427508927075
AFRICAN BANK LIMITED (N),2023-10-01,test_data/BA900_2023-10-01_zipcsv/160571.csv,6684893.0,11210707.0,167.70211580050722
BANK OF CHINA LTD JHB BRANCH (T/A BANK OF CHINA JHB BRANCH),2023-10-01,test_data/BA900_2023-10-01_zipcsv/337889.csv,826595.0,618775.0,74.85830424815055
CAPITEC BANK,2023-10-01,test_data/BA900_2023-10-01_zipcsv/333107.csv,8978236.0,21974929.0,244.75775642342214
CITIBANK N.A,2023-10-01,test_data/BA900_2023-10-01_zipcsv/165565.csv,2126477.23,107724.52,5.06586755222392
DISCOVERY BANK LIMITED,2023-10-01,test_data/BA900_2023-10-01_zipcsv/165271.csv,5428389.0,512516.0,9.44140149130801
FIRSTRAND BANK LIMITED,2023-10-01,test_data/BA900_2023-10-01_zipcsv/416053.csv,57512552.6176,36538824.5463,63.53191239701362
GBS MUTUAL BANK,2023-10-01,test_data/BA900_2023-10-01_zipcsv/418072.csv,9.0,15405.0,171166.6666666667
HSBC BANK PLC - JOHANNESBURG BRANCH,2023-10-01,test_data/BA900_2023-10-01_zipcsv/535761.csv,1103681.0,82205.0,7.4482572409962655
INVESTEC BANK LTD,2023-10-01,test_data/BA900_2023-10-01_zipcsv/25054.csv,2114001.0,3480447.0,164.6379069830147
NEDBANK LTD,2023-10-01,test_data/BA900_2023-10-01_zipcsv/416088.csv,19100786.0,27578694.0,144.38512635029784
STANDARD CHARTERED BANK,2023-10-01,test_data/BA900_2023-10-01_zipcsv/535788.csv,100044.0,930083.0,929.6739434648755
THE STANDARD BANK OF S A LTD,2023-10-01,test_data/BA900_2023-10-01_zipcsv/416061.csv,43559939.0,50718272.0,116.43329436251047
ABSA BANK LTD,2023-11-01,test_data/BA900_2023-11-01_zipcsv/34118.csv,46347828.0,37642180.0,81.21670771713401
ACCESS BANK (SOUTH AFRICA) LIMITED,2023-11-01,test_data/BA900_2023-11-01_zipcsv/416134.csv,444235.0,61332.0,13.806206174659808
AFRICAN BANK LIMITED (N),2023-11-01,test_data/BA900_2023-11-01_zipcsv/160571.csv,6952480.0,11225585.0,161.46159356085886
BANK OF CHINA LTD JHB BRANCH (T/A BANK OF CHINA JHB BRANCH),2023-11-01,test_data/BA900_2023-11-01_zipcsv/337889.csv,849166.0,628528.0,74.01709441970121
CAPITEC BANK,2023-11-01,test_data/BA900_2023-11-01_zipcsv/333107.csv,9158790.0,22104321.0,241.34542881756212
CITIBANK N.A,2023-11-01,test_data/BA900_2023-11-01_zipcsv/165565.csv,1667506.99,116826.94,7.006083974496563
DISCOVERY BANK LIMITED,2023-11-01,test_data/BA900_2023-11-01_zipcsv/165271.csv,5597477.0,517600.0,9.24702325708529
FIRSTRAND BANK LIMITED,2023-11-01,test_data/BA900_2023-11-01_zipcsv/416053.csv,65908166.0333,36738788.5743,55.742392461258575
GBS MUTUAL BANK,2023-11-01,test_data/BA900_2023-11-01_zipcsv/418072.csv,10.0,14596.0,145960.0
HSBC BANK PLC - JOHANNESBURG BRANCH,2023-11-01,test_data/BA900_2023-11-01_zipcsv/535761.csv,13912.0,73414.0,527.7027027027027
INVESTEC BANK LTD,2023-11-01,test_data/BA900_2023-11-01_zipcsv/25054.csv,2081746.0,3485580.0,167.43541238940773
NEDBANK LTD,2023-11-01,test_data/BA900_2023-11-01_zipcsv/416088.csv,20297173.0,27634297.0,136.14850205986815
STANDARD CHARTERED BANK,2023-11-01,test_data/BA900_2023-11-01_zipcsv/535788.csv,561263.0,963798.0,171.7194969203386
THE STANDARD BANK OF S A LTD,2023-11-01,test_data/BA900_2023-11-01_zipcsv/416061.csv,47012385.0,50847035.0,108.15668041517145
ABSA BANK LTD,2023-12-01,test_data/BA900_2023-12-01_zipcsv/34118.csv,46726208.0,38069790.0,81.47416969936872
ACCESS BANK (SOUTH AFRICA) LIMITED,2023-12-01,test_data/BA900_2023-12-01_zipcsv/416134.csv,425565.0,66575.0,15.643908686099655
AFRICAN BANK LIMITED (N),2023-12-01,test_data/BA900_2023-12-01_zipcsv/160571.csv,7277003.0,11212450.0,154.0806015883187
BANK OF CHINA LTD JHB BRANCH (T/A BANK OF CHINA JHB BRANCH),2023-12-01,test_data/BA900_2023-12-01_zipcsv/337889.csv,1144732.0,615059.0,53.729519223713496
CAPITEC BANK,2023-12-01,test_data/BA900_2023-12-01_zipcsv/333107.csv,9355161.0,22389520.0,239.32800301352378
CITIBANK N.A,2023-12-01,test_data/BA900_2023-12-01_zipcsv/165565.csv,1459462.51,55794.31,3.8229354723198745
DISCOVERY BANK LIMITED,2023-12-01,test_data/BA900_2023-12-01_zipcsv/165271.csv,5684581.0,526746.0,9.26622384305897
FIRSTRAND BANK LIMITED,2023-12-01,test_data/BA900_2023-12-01_zipcsv/416053.csv,65202582.595300004,37035146.0922,56.80012143394701
GBS MUTUAL BANK,2023-12-01,test_data/BA900_2023-12-01_zipcsv/418072.csv,10.0,14011.0,140110.0
HSBC BANK PLC - JOHANNESBURG BRANCH,2023-12-01,test_data/BA900_2023-12-01_zipcsv/535761.csv,9703.0,73946.0,762.0941976708234
INVESTEC BANK LTD,2023-12-01,test_data/BA900_2023-12-01_zipcsv/25054.csv,2098702.0,3319285.0,158.15894776866844
JPMORGAN CHASE BANK (JOHANNESBURG BRANCH),2023-12-01,test_data/BA900_2023-12-01_zipcsv/331899.csv,234.0,17435.0,7450.854700854701
NEDBANK LTD,2023-12-01,test_data/BA900_2023-12-01_zipcsv/416088.csv,20209748.0,27952226.0,138.31061129510374
STANDARD CHARTERED BANK,2023-12-01,test_data/BA900_2023-12-01_zipcsv/535788.csv,2216.0,882626.0,39829.693140794225
THE STANDARD BANK OF S A LTD,2023-12-01,test_data/BA900_2023-12-01_zipcsv/416061.csv,44809982.0,50778980.0,113.32068823415283
ABSA BANK LTD,2024-01-01,test_data/BA900_2024-01-01_zipcsv/34118.csv,46984436.0,38847786.0,82.68224396691704
ACCESS BANK (SOUTH AFRICA) LIMITED,2024-01-01,test_data/BA900_2024-01-01_zipcsv/416134.csv,431897.0,58658.0,13.581478917427074
AFRICAN BANK LIMITED (N),2024-01-01,test_data/BA900_2024-01-01_zipcsv/160571.csv,7533893.0,11221843.0,148.95145179258583
BANK OF CHINA LTD JHB BRANCH (T/A BANK OF CHINA JHB BRANCH),2024-01-01,test_data/BA900_2024-01-01_zipcsv/337889.csv,1157960.0,695264.0,60.042143079208266
CAPITEC BANK,2024-01-01,test_data/BA900_2024-01-01_zipcsv/333107.csv,9604981.0,22270296.0,231.86194746246764
CITIBANK N.A,2024-01-01,test_data/BA900_2024-01-01_zipcsv/165565.csv,1746215.9200000002,71786.05,4.110949234731522
DISCOVERY BANK LIMITED,2024-01-01,test_data/BA900_2024-01-01_zipcsv/165271.csv,5744176.0,546551.0,9.514872106982795
FIRSTRAND BANK LIMITED,2024-01-01,test_data/BA900_2024-01-01_zipcsv/416053.csv,64006972.391200006,36857923.148,57.58423148454903
GBS MUTUAL BANK,2024-01-01,test_data/BA900_2024-01-01_zipcsv/418072.csv,10.0,16963.0,169630.0
HSBC BANK PLC - JOHANNESBURG BRANCH,2024-01-01,test_data/BA900_2024-01-01_zipcsv/535761.csv,12105.0,84601.0,698.8930194134655
INVESTEC BANK LTD,2024-01-01,test_data/BA900_2024-01-01_zipcsv/25054.csv,2168985.0,3057320.0,140.95625373158413
NEDBANK LTD,2024-01-01,test_data/BA900_2024-01-01_zipcsv/416088.csv,19920171.0,27601981.0,138.56297217528905
STANDARD CHARTERED BANK,2024-01-01,test_data/BA900_2024-01-01_zipcsv/535788.csv,22156.0,891772.0,4024.968405849431
THE STANDARD BANK OF S A LTD,2024-01-01,test_data/BA900_2024-01-01_zipcsv/416061.csv,44740829.0,51943132.0,116.09783090965973
ABSA BANK LTD,2024-02-01,test_data/BA900_2024-02-01_zipcsv/34118.csv,46759010.0,39423532.0,84.31216144225466
ACCESS BANK (SOUTH AFRICA) LIMITED,2024-02-01,test_data/BA900_2024-02-01_zipcsv/416134.csv,442527.0,65735.0,14.854460857755573
AFRICAN BANK LIMITED (N),2024-02-01,test_data/BA900_2024-02-01_zipcsv/160571.csv,7766017.0,10988574.0,141.4956212431675
BANK OF CHINA LTD JHB BRANCH (T/A BANK OF CHINA JHB BRANCH),2024-02-01,test_data/BA900_2024-02-01_zipcsv/337889.csv,1136055.0,684787.0,60.27762740360282
CAPITEC BANK,2024-02-01,test_data/BA900_2024-02-01_zipcsv/333107.csv,9680861.0,22260504.0,229.94343168443385
CITIBANK N.A,2024-02-01,test_data/BA900_2024-02-01_zipcsv/165565.csv,2539129.33,484125.83,19.066607765111357
DISCOVERY BANK LIMITED,2024-02-01,test_data/BA900_2024-02-01_zipcsv/165271.csv,5791709.0,552384.0,9.53749575470729
FIRSTRAND BANK LIMITED,2024-02-01,test_data/BA900_2024-02-01_zipcsv/416053.csv,64184086.8215,37588022.7441,58.56283793307625
GBS MUTUAL BANK,2024-02-01,test_data/BA900_2024-02-01_zipcsv/418072.csv,10.0,15380.0,153800.0
HSBC BANK PLC - JOHANNESBURG BRANCH,2024-02-01,test_data/BA900_2024-02-01_zipcsv/535761.csv,29135.0,76234.0,261.65779989703105
INVESTEC BANK LTD,2024-02-01,test_data/BA900_2024-02-01_zipcsv/25054.csv,2242554.0,2882607.0,128.541252518334
NEDBANK LTD,2024-02-01,test_data/BA900_2024-02-01_zipcsv/416088.csv,20280529.0,27716737.0,136.6667358627578
STANDARD CHARTERED BANK,2024-02-01,test_data/BA900_2024-02-01_zipcsv/535788.csv,8110.0,898676.0,11081.085080147966
THE STANDARD BANK OF S A LTD,2024-02-01,test_data/BA900_2024-02-01_zipcsv/416061.csv,44471074.0,53050371.0,119.29185924315658
ABSA BANK LTD,2024-03-01,test_data/BA900_2024-03-01_zipcsv/34118.csv,48276163.0,39807568.0,82.45801970633002
ACCESS BANK (SOUTH AFRICA) LIMITED,2024-03-01,test_data/BA900_2024-03-01_zipcsv/416134.csv,440749.0,63105.0,14.31767287049999
AFRICAN BANK LIMITED (N),2024-03-01,test_data/BA900_2024-03-01_zipcsv/160571.csv,7971464.0,10306716.0,129.29514578501517
BANK OF CHINA LTD JHB BRANCH (T/A BANK OF CHINA JHB BRANCH),2024-03-01,test_data/BA900_2024-03-01_zipcsv/337889.csv,1035259.0,694975.0,67.13054414402579
CAPITEC BANK,2024-03-01,test_data/BA900_2024-03-01_zipcsv/333107.csv,9854174.0,22432047.0,227.64005384926227
CITIBANK N.A,2024-03-01,test_data/BA900_2024-03-01_zipcsv/165565.csv,3220869.54,313804.27,9.742843232327877
DISCOVERY BANK LIMITED,2024-03-01,test_data/BA900_2024-03-01_zipcsv/165271.csv,5950655.0,573420.0,9.63625012708685
FIRSTRAND BANK LIMITED,2024-03-01,test_data/BA900_2024-03-01_zipcsv/416053.csv,63132183.2907,38030793.0458,60.23994587781397
GBS MUTUAL BANK,2024-03-01,test_data/BA900_2024-03-01_zipcsv/418072.csv,10.0,15455.0,154550.0
HSBC BANK PLC - JOHANNESBURG BRANCH,2024-03-01,test_data/BA900_2024-03-01_zipcsv/535761.csv,17810.0,77358.0,434.35148792813027
INVESTEC BANK LTD,2024-03-01,test_data/BA900_2024-03-01_zipcsv/25054.csv,2128721.0,2718173.0,127.69043007514841
JPMORGAN CHASE BANK (JOHANNESBURG BRANCH),2024-03-01,test_data/BA900_2024-03-01_zipcsv/331899.csv,96372.0,23135.0,24.005935333914415
NEDBANK LTD,2024-03-01,test_data/BA900_2024-03-01_zipcsv/416088.csv,20160279.0,28004925.0,138.91139601788248
STANDARD CHARTERED BANK,2024-03-01,test_data/BA900_2024-03-01_zipcsv/535788.csv,3516.0,899194.0,25574.34584755404
THE STANDARD BANK OF S A LTD,2024-03-01,test_data/BA900_2024-03-01_zipcsv/416061.csv,49588626.0,54098856.0,109.09529132749111
ABSA BANK LTD,2024-04-01,test_data/BA900_2024-04-01_zipcsv/34118.csv,49186430.0,40542265.0,82.42571172577478
ACCESS BANK (SOUTH AFRICA) LIMITED,2024-04-01,test_data/BA900_2024-04-01_zipcsv/416134.csv,332899.0,65675.0,19.72820585222545
AFRICAN BANK LIMITED (N),2024-04-01,test_data/BA900_2024-04-01_zipcsv/160571.csv,8174734.0,10416686.0,127.42538166991122
BANK OF CHINA LTD JHB BRANCH (T/A BANK OF CHINA JHB BRANCH),2024-04-01,test_data/BA900_2024-04-01_zipcsv/337889.csv,1478270.0,631571.0,42.723656706826226
CAPITEC BANK,2024-04-01,test_data/BA900_2024-04-01_zipcsv/333107.csv,9927165.0,22535573.0,227.00915115241864
CITIBANK N.A,2024-04-01,test_data/BA900_2024-04-01_zipcsv/165565.csv,2098095.3,65092.93,3.102477280226499
DISCOVERY BANK LIMITED,2024-04-01,test_data/BA900_2024-04-01_zipcsv/165271.csv,5938124.0,586390.0,9.875004294285535
FIRSTRAND BANK LIMITED,2024-04-01,test_data/BA900_2024-04-01_zipcsv/416053.csv,63071088.4691,38596486.711,61.195212652639285
GBS MUTUAL BANK,2024-04-01,test_data/BA900_2024-04-01_zipcsv/418072.csv,10.0,20348.0,203480.0
HSBC BANK PLC - JOHANNESBURG BRANCH,2024-04-01,test_data/BA900_2024-04-01_zipcsv/535761.csv,743727.0,81943.0,11.017886939696957
INVESTEC BANK LTD,2024-04-01,test_data/BA900_2024-04-01_zipcsv/25054.csv,2149578.0,2726252.0,126.82731215150136
JPMORGAN CHASE BANK (JOHANNESBURG BRANCH),2024-04-01,test_data/BA900_2024-04-01_zipcsv/331899.csv,31.0,23370.0,75387.09677419355
NEDBANK LTD,2024-04-01,test_data/BA900_2024-04-01_zipcsv/416088.csv,19735126.0,28333216.0,143.56744416022477
STANDARD CHARTERED BANK,2024-04-01,test_data/BA900_2024-04-01_zipcsv/535788.csv,55540.0,902180.0,1624.3788260713
THE STANDARD BANK OF S A LTD,2024-04-01,test_data/BA900_2024-04-01_zipcsv/416061.csv,43995807.0,53655531.0,121.95601048981781
ABSA BANK LTD,2024-05-01,test_data/BA900_2024-05-01_zipcsv/34118.csv,48084503.0,41474777.0,86.25393715725835
ACCESS BANK (SOUTH AFRICA) LIMITED,2024-05-01,test_data/BA900_2024-05-01_zipcsv/416134.csv,1114098.0,68257.0,6.126660311749954
AFRICAN BANK LIMITED (N),2024-05-01,test_data/BA900_2024-05-01_zipcsv/160571.csv,8402796.0,10471128.0,124.61480678574132
BANK OF CHINA LTD JHB BRANCH (T/A BANK OF CHINA JHB BRANCH),2024-05-01,test_data/BA900_2024-05-01_zipcsv/337889.csv,1468747.0,636078.0,43.30752675579933
CAPITEC BANK,2024-05-01,test_data/BA900_2024-05-01_zipcsv/333107.csv,10082888.0,22547223.0,223.61869932503464
CITIBANK N.A,2024-05-01,test_data/BA900_2024-05-01_zipcsv/165565.csv,486670.56,49368.41,10.144112682714978
DISCOVERY BANK LIMITED,2024-05-01,test_data/BA900_2024-05-01_zipcsv/165271.csv,6031046.0,602740.0,9.993954614174722
FIRSTRAND BANK LIMITED,2024-05-01,test_data/BA900_2024-05-01_zipcsv/416053.csv,61427022.7953,39244077.2837,63.88731782505126
GBS MUTUAL BANK,2024-05-01,test_data/BA900_2024-05-01_zipcsv/418072.csv,5.0,20348.0,406960.0
HSBC BANK PLC - JOHANNESBURG BRANCH,2024-05-01,test_data/BA900_2024-05-01_zipcsv/535761.csv,11237.0,78840.0,701.6107502002313
INVESTEC BANK LTD,2024-05-01,test_data/BA900_2024-05-01_zipcsv/25054.csv,2166007.0,2744097.0,126.68920275880917
NEDBANK LTD,2024-05-01,test_data/BA900_2024-05-01_zipcsv/416088.csv,19757019.0,27823659.0,140.82923643490955
STANDARD CHARTERED BANK,2024-05-01,test_data/BA900_2024-05-01_zipcsv/535788.csv,74601.0,847654.0,1136.2501843138832
THE STANDARD BANK OF S A LTD,2024-05-01,test_data/BA900_2024-05-01_zipcsv/416061.csv,45180148.0,54081341.0,119.70155786120931
ABSA BANK LTD,2024-06-01,test_data/BA900_2024-06-01_zipcsv/34118.csv,49830499.0,40672005.0,81.62070582516141
ACCESS BANK (SOUTH AFRICA) LIMITED,2024-06-01,test_data/BA900_2024-06-01_zipcsv/416134.csv,1375888.0,74625.0,5.423769958019839
AFRICAN BANK LIMITED (N),2024-06-01,test_data/BA900_2024-06-01_zipcsv/160571.csv,8779472.0,10413927.0,118.61678014349837
BANK OF CHINA LTD JHB BRANCH (T/A BANK OF CHINA JHB BRANCH),2024-06-01,test_data/BA900_2024-06-01_zipcsv/337889.csv,1096819.0,631850.0,57.60749950538785
CAPITEC BANK,2024-06-01,test_data/BA900_2024-06-01_zipcsv/333107.csv,10289430.0,22524558.0,218.90967721244033
CITIBANK N.A,2024-06-01,test_data/BA900_2024-06-01_zipcsv/165565.csv,1913175.3199999998,67828.65,3.545344187275006
DISCOVERY BANK LIMITED,2024-06-01,test_data/BA900_2024-06-01_zipcsv/165271.csv,6211751.0,568120.0,9.145891391976273
FIRSTRAND BANK LIMITED,2024-06-01,test_data/BA900_2024-06-01_zipcsv/416053.csv,61756848.9208,39543421.3454,64.03082740849102
HSBC BANK PLC - JOHANNESBURG BRANCH,2024-06-01,test_data/BA900_2024-06-01_zipcsv/535761.csv,16437.0,83538.0,508.2314290929002
INVESTEC BANK LTD,2024-06-01,test_data/BA900_2024-06-01_zipcsv/25054.csv,2125845.0,2709718.0,127.46545491322274
JPMORGAN CHASE BANK (JOHANNESBURG BRANCH),2024-06-01,test_data/BA900_2024-06-01_zipcsv/331899.csv,1.0,95292.0,9529200.0
NEDBANK LTD,2024-06-01,test_data/BA900_2024-06-01_zipcsv/416088.csv,19665969.0,27708511.0,140.89573211470028
STANDARD CHARTERED BANK,2024-06-01,test_data/BA900_2024-06-01_zipcsv/535788.csv,1723171.0,838395.0,48.65419624633887
THE STANDARD BANK OF S A LTD,2024-06-01,test_data/BA900_2024-06-01_zipcsv/416061.csv,44990543.0,52850003.0,117.46913790304777
ABSA BANK LTD,2024-07-01,test_data/BA900_2024-07-01_zipcsv/34118.csv,48641530.0,40660234.0,83.59160166220101
ACCESS BANK (SOUTH AFRICA) LIMITED,2024-07-01,test_data/BA900_2024-07-01_zipcsv/416134.csv,1444848.0,50560.0,3.4993300333322255
AFRICAN BANK LIMITED (N),2024-07-01,test_data/BA900_2024-07-01_zipcsv/160571.csv,9198604.0,10347368.0,112.48846020548335
BANK OF CHINA LTD JHB BRANCH (T/A BANK OF CHINA JHB BRANCH),2024-07-01,test_data/BA900_2024-07-01_zipcsv/337889.csv,1011450.0,671024.0,66.34277522368876
CAPITEC BANK,2024-07-01,test_data/BA900_2024-07-01_zipcsv/333107.csv,10383611.0,24383736.0,234.82905898535682
CITIBANK N.A,2024-07-01,test_data/BA900_2024-07-01_zipcsv/165565.csv,349134.63,76912.33,22.02941885197696
DISCOVERY BANK LIMITED,2024-07-01,test_data/BA900_2024-07-01_zipcsv/165271.csv,6085705.0,564611.0,9.27765969595963
FIRSTRAND BANK LIMITED,2024-07-01,test_data/BA900_2024-07-01_zipcsv/416053.csv,65173841.5232,39738014.4541,60.972337252752574
GBS MUTUAL BANK,2024-07-01,test_data/BA900_2024-07-01_zipcsv/418072.csv,5.0,23080.0,461600.0
HSBC BANK PLC - JOHANNESBURG BRANCH,2024-07-01,test_data/BA900_2024-07-01_zipcsv/535761.csv,17289.0,79448.0,459.52918040372487
INVESTEC BANK LTD,2024-07-01,test_data/BA900_2024-07-01_zipcsv/25054.csv,2146531.0,2740156.0,127.65508627641529
JPMORGAN CHASE BANK (JOHANNESBURG BRANCH),2024-07-01,test_data/BA900_2024-07-01_zipcsv/331899.csv,2.0,95527.0,4776350.0
NEDBANK LTD,2024-07-01,test_data/BA900_2024-07-01_zipcsv/416088.csv,18990561.0,27435002.0,144.46651681327373
STANDARD CHARTERED BANK,2024-07-01,test_data/BA900_2024-07-01_zipcsv/535788.csv,2639280.0,844534.0,31.99865114728259
THE STANDARD BANK OF S A LTD,2024-07-01,test_data/BA900_2024-07-01_zipcsv/416061.csv,44242374.0,53033385.0,119.87011592099466
ABSA BANK LTD,2024-08-01,test_data/BA900_2024-08-01_zipcsv/34118.csv,52723095.0,40595100.0,76.99680756602017
ACCESS BANK (SOUTH AFRICA) LIMITED,2024-08-01,test_data/BA900_2024-08-01_zipcsv/416134.csv,1407588.0,48576.0,3.451009812530371
AFRICAN BANK LIMITED (N),2024-08-01,test_data/BA900_2024-08-01_zipcsv/160571.csv,9484020.0,10775676.0,113.61928802343311
BANK OF CHINA LTD JHB BRANCH (T/A BANK OF CHINA JHB BRANCH),2024-08-01,test_data/BA900_2024-08-01_zipcsv/337889.csv,990735.0,590936.0,59.64622224913827
CAPITEC BANK,2024-08-01,test_data/BA900_2024-08-01_zipcsv/333107.csv,10566821.0,24811566.0,234.8063433647641
CITIBANK N.A,2024-08-01,test_data/BA900_2024-08-01_zipcsv/165565.csv,285175.82,52638.66,18.45831810004088
DISCOVERY BANK LIMITED,2024-08-01,test_data/BA900_2024-08-01_zipcsv/165271.csv,6180632.0,574897.0,9.30158922259083
FIRSTRAND BANK LIMITED,2024-08-01,test_data/BA900_2024-08-01_zipcsv/416053.csv,64894151.442,39683700.8117,61.1514287958104
GBS MUTUAL BANK,2024-08-01,test_data/BA900_2024-08-01_zipcsv/418072.csv,11.0,24699.0,224536.36363636365
HSBC BANK PLC - JOHANNESBURG BRANCH,2024-08-01,test_data/BA900_2024-08-01_zipcsv/535761.csv,13814.0,67844.0,491.1249457072535
INVESTEC BANK LTD,2024-08-01,test_data/BA900_2024-08-01_zipcsv/25054.csv,2186244.0,2553784.0,116.81148124363064
NEDBANK LTD,2024-08-01,test_data/BA900_2024-08-01_zipcsv/416088.csv,18859738.0,27260958.0,144.5457937962871
STANDARD CHARTERED BANK,2024-08-01,test_data/BA900_2024-08-01_zipcsv/535788.csv,491358.0,845398.0,172.05337045494323
THE STANDARD BANK OF S A LTD,2024-08-01,test_data/BA900_2024-08-01_zipcsv/416061.csv,43490525.0,52790666.0,121.38429232574222
ABSA BANK LTD,2024-09-01,test_data/BA900_2024-09-01_zipcsv/34118.csv,50830538.0,40384982.0,79.45023521096708
ACCESS BANK (SOUTH AFRICA) LIMITED,2024-09-01,test_data/BA900_2024-09-01_zipcsv/416134.csv,1030508.0,67757.0,6.575106646430692
AFRICAN BANK LIMITED (N),2024-09-01,test_data/BA900_2024-09-01_zipcsv/160571.csv,9684845.0,10600145.0,109.45084820665689
BANK OF CHINA LTD JHB BRANCH (T/A BANK OF CHINA JHB BRANCH),2024-09-01,test_data/BA900_2024-09-01_zipcsv/337889.csv,794378.0,592104.0,74.5368074141026
CAPITEC BANK,2024-09-01,test_data/BA900_2024-09-01_zipcsv/333107.csv,10752338.0,25030005.0,232.78662742930885
CITIBANK N.A,2024-09-01,test_data/BA900_2024-09-01_zipcsv/165565.csv,261530.05,64680.66,24.73163600129316
DISCOVERY BANK LIMITED,2024-09-01,test_data/BA900_2024-09-01_zipcsv/165271.csv,6211310.0,565760.0,9.108545540312752
FIRSTRAND BANK LIMITED,2024-09-01,test_data/BA900_2024-09-01_zipcsv/416053.csv,65793108.9804,39637124.7266,60.24510065090257
GBS MUTUAL BANK,2024-09-01,test_data/BA900_2024-09-01_zipcsv/418072.csv,11.0,25152.0,228654.54545454544
HSBC BANK PLC - JOHANNESBURG BRANCH,2024-09-01,test_data/BA900_2024-09-01_zipcsv/535761.csv,1466616.0,84952.0,5.792381918648099
INVESTEC BANK LTD,2024-09-01,test_data/BA900_2024-09-01_zipcsv/25054.csv,2163478.0,2444161.0,112.97369328460931
JPMORGAN CHASE BANK (JOHANNESBURG BRANCH),2024-09-01,test_data/BA900_2024-09-01_zipcsv/331899.csv,1.0,77640.0,7764000.0
NEDBANK LTD,2024-09-01,test_data/BA900_2024-09-01_zipcsv/416088.csv,18962815.0,27706363.0,146.1089136818558
STANDARD CHARTERED BANK,2024-09-01,test_data/BA900_2024-09-01_zipcsv/535788.csv,72493.0,851430.0,1174.499606858593
THE STANDARD BANK OF S A LTD,2024-09-01,test_data/BA900_2024-09-01_zipcsv/416061.csv,48016837.0,53463968.0,111.34421036521003
ABSA BANK LTD,2024-10-01,test_data/BA900_2024-10-01_zipcsv/34118.csv,50501833.0,40479237.0,80.153995598536
ACCESS BANK (SOUTH AFRICA) LIMITED,2024-10-01,test_data/BA900_2024-10-01_zipcsv/416134.csv,944430.0,73629.0,7.7961309996505825
AFRICAN BANK LIMITED (N),2024-10-01,test_data/BA900_2024-10-01_zipcsv/160571.csv,9890798.0,10592066.0,107.09010536864669
BANK OF CHINA LTD JHB BRANCH (T/A BANK OF CHINA JHB BRANCH),2024-10-01,test_data/BA900_2024-10-01_zipcsv/337889.csv,952512.0,600318.0,63.02471779883088
CAPITEC BANK,2024-10-01,test_data/BA900_2024-10-01_zipcsv/333107.csv,10927644.0,25125188.0,229.92319295906785
CITIBANK N.A,2024-10-01,test_data/BA900_2024-10-01_zipcsv/165565.csv,653846.72,187547.77,28.683751751480834
DISCOVERY BANK LIMITED,2024-10-01,test_data/BA900_2024-10-01_zipcsv/165271.csv,6301790.0,572040.0,9.077420859787457
FIRSTRAND BANK LIMITED,2024-10-01,test_data/BA900_2024-10-01_zipcsv/416053.csv,66830121.671,40136317.2111,60.05722600459755
GBS MUTUAL BANK,2024-10-01,test_data/BA900_2024-10-01_zipcsv/418072.csv,11.0,24779.0,225263.63636363635
HSBC BANK PLC - JOHANNESBURG BRANCH,2024-10-01,test_data/BA900_2024-10-01_zipcsv/535761.csv,249853.0,94402.0,37.783016413651225
INVESTEC BANK LTD,2024-10-01,test_data/BA900_2024-10-01_zipcsv/25054.csv,2213815.0,2432271.0,109.8678525531718
JPMORGAN CHASE BANK (JOHANNESBURG BRANCH),2024-10-01,test_data/BA900_2024-10-01_zipcsv/331899.csv,3.0,77640.0,2588000.0
NEDBANK LTD,2024-10-01,test_data/BA900_2024-10-01_zipcsv/416088.csv,18408098.0,27206169.0,147.79456845568728
STANDARD CHARTERED BANK,2024-10-01,test_data/BA900_2024-10-01_zipcsv/535788.csv,175157.0,858707.0,490.24989009859723
THE STANDARD BANK OF S A LTD,2024-10-01,test_data/BA900_2024-10-01_zipcsv/416061.csv,46397657.0,54474417.0,117.40768935810704
ABSA BANK LTD,2024-11-01,test_data/BA900_2024-11-01_zipcsv/34118.csv,50828181.0,40370331.0,79.42509490945584
ACCESS BANK (SOUTH AFRICA) LIMITED,2024-11-01,test_data/BA900_2024-11-01_zipcsv/416134.csv,513860.0,75505.0,14.693690888568872
AFRICAN BANK LIMITED (N),2024-11-01,test_data/BA900_2024-11-01_zipcsv/160571.csv,10069743.0,10521278.0,104.48407670384438
BANK OF CHINA LTD JHB BRANCH (T/A BANK OF CHINA JHB BRANCH),2024-11-01,test_data/BA900_2024-11-01_zipcsv/337889.csv,948194.0,615898.0,64.95485101150187
CAPITEC BANK,2024-11-01,test_data/BA900_2024-11-01_zipcsv/333107.csv,11187692.0,25286100.0,226.01712667813877
CITIBANK N.A,2024-11-01,test_data/BA900_2024-11-01_zipcsv/165565.csv,1679294.3599999999,175217.88,10.43401825037988
DISCOVERY BANK LIMITED,2024-11-01,test_data/BA900_2024-11-01_zipcsv/165271.csv,6468807.0,591386.0,9.142118477178249
FIRSTRAND BANK LIMITED,2024-11-01,test_data/BA900_2024-11-01_zipcsv/416053.csv,69138200.6654,40424844.7209,58.469622194160586
GBS MUTUAL BANK,2024-11-01,test_data/BA900_2024-11-01_zipcsv/418072.csv,11.0,26298.0,239072.72727272726
HSBC BANK PLC - JOHANNESBURG BRANCH,2024-11-01,test_data/BA900_2024-11-01_zipcsv/535761.csv,11159.0,92843.0,832.0010753651761
INVESTEC BANK LTD,2024-11-01,test_data/BA900_2024-11-01_zipcsv/25054.csv,2183151.0,2451604.0,112.29658415748614
JPMORGAN CHASE BANK (JOHANNESBURG BRANCH),2024-11-01,test_data/BA900_2024-11-01_zipcsv/331899.csv,11.0,77640.0,705818.1818181818
NEDBANK LTD,2024-11-01,test_data/BA900_2024-11-01_zipcsv/416088.csv,18530596.0,27100307.0,146.24627831722196
STANDARD CHARTERED BANK,2024-11-01,test_data/BA900_2024-11-01_zipcsv/535788.csv,150515.0,872638.0,579.7681294223167
THE STANDARD BANK OF S A LTD,2024-11-01,test_data/BA900_2024-11-01_zipcsv/416061.csv,45267116.0,53867049.0,118.99819065124449
ABSA BANK LTD,2024-12-01,test_data/BA900_2024-12-01_zipcsv/34118.csv,50435690.0,40514274.0,80.32858081251591
ACCESS BANK (SOUTH AFRICA) LIMITED,2024-12-01,test_data/BA900_2024-12-01_zipcsv/416134.csv,525842.0,47282.0,8.99167430520955
AFRICAN BANK LIMITED (N),2024-12-01,test_data/BA900_2024-12-01_zipcsv/160571.csv,10334728.0,10424223.0,100.86596376798693
BANK OF CHINA LTD JHB BRANCH (T/A BANK OF CHINA JHB BRANCH),2024-12-01,test_data/BA900_2024-12-01_zipcsv/337889.csv,1597743.0,578423.0,36.202505659546
CAPITEC BANK,2024-12-01,test_data/BA900_2024-12-01_zipcsv/333107.csv,11540607.0,25476586.0,220.75603129020857
CITIBANK N.A,2024-12-01,test_data/BA900_2024-12-01_zipcsv/165565.csv,266534.85,185346.28,69.53922911018954
DISCOVERY BANK LIMITED,2024-12-01,test_data/BA900_2024-12-01_zipcsv/165271.csv,6481449.0,596616.0,9.204978701521837
FIRSTRAND BANK LIMITED,2024-12-01,test_data/BA900_2024-12-01_zipcsv/416053.csv,64795238.6827,41097103.5867,63.42611652061515
GBS MUTUAL BANK,2024-12-01,test_data/BA900_2024-12-01_zipcsv/418072.csv,12.0,23060.0,192166.6666666667
HSBC BANK PLC - JOHANNESBURG BRANCH,2024-12-01,test_data/BA900_2024-12-01_zipcsv/535761.csv,24080.0,78606.0,326.436877076412
INVESTEC BANK LTD,2024-12-01,test_data/BA900_2024-12-01_zipcsv/25054.csv,2271354.0,2455704.0,108.11630419564717
JPMORGAN CHASE BANK (JOHANNESBURG BRANCH),2024-12-01,test_data/BA900_2024-12-01_zipcsv/331899.csv,12.0,54416.0,453466.6666666667
NEDBANK LTD,2024-12-01,test_data/BA900_2024-12-01_zipcsv/416088.csv,18436976.0,26942306.0,146.1319144744778
STANDARD CHARTERED BANK,2024-12-01,test_data/BA900_2024-12-01_zipcsv/535788.csv,47772.0,247577.0,518.2470903458093
THE STANDARD BANK OF S A LTD,2024-12-01,test_data/BA900_2024-12-01_zipcsv/416061.csv,43067316.0,50643977.0,117.59260084840206
ABSA BANK LTD,2025-01-01,test_data/BA900_2025-01-01_zipcsv/34118.csv,51871235.0,40974968.0,78.99362334442202
ACCESS BANK (SOUTH AFRICA) LIMITED,2025-01-01,test_data/BA900_2025-01-01_zipcsv/416134.csv,813467.0,49668.0,6.105717871775991
AFRICAN BANK LIMITED (N),2025-01-01,test_data/BA900_2025-01-01_zipcsv/160571.csv,10633774.0,10393414.0,97.73965480176652
BANK OF CHINA LTD JHB BRANCH (T/A BANK OF CHINA JHB BRANCH),2025-01-01,test_data/BA900_2025-01-01_zipcsv/337889.csv,1605016.0,557934.0,34.761896454614785
CAPITEC BANK,2025-01-01,test_data/BA900_2025-01-01_zipcsv/333107.csv,11959921.0,25486029.0,213.09529552912602
CITIBANK N.A,2025-01-01,test_data/BA900_2025-01-01_zipcsv/165565.csv,1135677.7999999998,163958.88,14.437094746414875
DISCOVERY BANK LIMITED,2025-01-01,test_data/BA900_2025-01-01_zipcsv/165271.csv,6587358.0,611481.0,9.282644119235663
FIRSTRAND BANK LIMITED,2025-01-01,test_data/BA900_2025-01-01_zipcsv/416053.csv,65041775.0808,41242613.7407,63.409422159012706
GBS MUTUAL BANK,2025-01-01,test_data/BA900_2025-01-01_zipcsv/418072.csv,12.0,23611.0,196758.3333333333
HSBC BANK PLC - JOHANNESBURG BRANCH,2025-01-01,test_data/BA900_2025-01-01_zipcsv/535761.csv,3115332.0,73811.0,2.3692819898489152
INVESTEC BANK LTD,2025-01-01,test_data/BA900_2025-01-01_zipcsv/25054.csv,2308304.0,2857269.0,123.78217947029509
JPMORGAN CHASE BANK (JOHANNESBURG BRANCH),2025-01-01,test_data/BA900_2025-01-01_zipcsv/331899.csv,5.0,55155.0,1103100.0
NEDBANK LTD,2025-01-01,test_data/BA900_2025-01-01_zipcsv/416088.csv,18501576.0,27144540.0,146.71474473309735
STANDARD CHARTERED BANK,2025-01-01,test_data/BA900_2025-01-01_zipcsv/535788.csv,15729.0,250586.0,1593.146417445483
THE STANDARD BANK OF S A LTD,2025-01-01,test_data/BA900_2025-01-01_zipcsv/416061.csv,43442887.0,51753769.0,119.13059323152257
ABSA BANK LTD,2025-02-01,test_data/BA900_2025-02-01_zipcsv/34118.csv,52606363.0,41316052.0,78.5381266520934
ACCESS BANK (SOUTH AFRICA) LIMITED,2025-02-01,test_data/BA900_2025-02-01_zipcsv/416134.csv,841228.0,47658.0,5.665289315144052
AFRICAN BANK LIMITED (N),2025-02-01,test_data/BA900_2025-02-01_zipcsv/160571.csv,10702245.0,10415334.0,97.31915126218846
BANK OF CHINA LTD JHB BRANCH (T/A BANK OF CHINA JHB BRANCH),2025-02-01,test_data/BA900_2025-02-01_zipcsv/337889.csv,1398751.0,549233.0,39.265959416651
CAPITEC BANK,2025-02-01,test_data/BA900_2025-02-01_zipcsv/333107.csv,12207189.0,25345602.0,207.62848842595952
CITIBANK N.A,2025-02-01,test_data/BA900_2025-02-01_zipcsv/165565.csv,621982.44,173369.86,27.87375476388047
DISCOVERY BANK LIMITED,2025-02-01,test_data/BA900_2025-02-01_zipcsv/165271.csv,6598857.0,616572.0,9.34361814477871
FIRSTRAND BANK LIMITED,2025-02-01,test_data/BA900_2025-02-01_zipcsv/416053.csv,64625746.1441,41564343.344,64.3154560278831
GBS MUTUAL BANK,2025-02-01,test_data/BA900_2025-02-01_zipcsv/418072.csv,12.0,24807.0,206725.0
HSBC BANK PLC - JOHANNESBURG BRANCH,2025-02-01,test_data/BA900_2025-02-01_zipcsv/535761.csv,17026.0,79599.0,467.51438975684255
INVESTEC BANK LTD,2025-02-01,test_data/BA900_2025-02-01_zipcsv/25054.csv,2335914.0,3032562.0,129.8233582229483
JPMORGAN CHASE BANK (JOHANNESBURG BRANCH),2025-02-01,test_data/BA900_2025-02-01_zipcsv/331899.csv,9.0,55184.0,613155.5555555556
NEDBANK LTD,2025-02-01,test_data/BA900_2025-02-01_zipcsv/416088.csv,18750887.0,27306423.0,145.62736685469866
STANDARD CHARTERED BANK,2025-02-01,test_data/BA900_2025-02-01_zipcsv/535788.csv,290043.0,283777.0,97.83963067545157
THE STANDARD BANK OF S A LTD,2025-02-01,test_data/BA900_2025-02-01_zipcsv/416061.csv,44000492.0,52572369.0,119.48132079977651
